{
    "confidence_score": 0.7252079248428345,
    "ptm": 0.5904418230056763,
    "iptm": 0.0,
    "ligand_iptm": 0.0,
    "protein_iptm": 0.0,
    "complex_plddt": 0.758899450302124,
    "complex_iplddt": 0.758899450302124,
    "complex_pde": 0.5666787624359131,
    "complex_ipde": 0.0,
    "chains_ptm": {
        "0": 0.5904418230056763
    },
    "pair_chains_iptm": {
        "0": {
            "0": 0.5904418230056763
        }
    }
}