{
    "confidence_score": 0.7075304985046387,
    "ptm": 0.5507632493972778,
    "iptm": 0.0,
    "ligand_iptm": 0.0,
    "protein_iptm": 0.0,
    "complex_plddt": 0.7467223405838013,
    "complex_iplddt": 0.7467222213745117,
    "complex_pde": 0.6265448927879333,
    "complex_ipde": 0.0,
    "chains_ptm": {
        "0": 0.5507632493972778
    },
    "pair_chains_iptm": {
        "0": {
            "0": 0.5507632493972778
        }
    }
}