{
    "confidence_score": 0.7359341979026794,
    "ptm": 0.6252701282501221,
    "iptm": 0.0,
    "ligand_iptm": 0.0,
    "protein_iptm": 0.0,
    "complex_plddt": 0.7636001706123352,
    "complex_iplddt": 0.7636001706123352,
    "complex_pde": 0.5358490943908691,
    "complex_ipde": 0.0,
    "chains_ptm": {
        "0": 0.6252701282501221
    },
    "pair_chains_iptm": {
        "0": {
            "0": 0.6252701282501221
        }
    }
}