{
    "confidence_score": 0.7237817645072937,
    "ptm": 0.5937214493751526,
    "iptm": 0.0,
    "ligand_iptm": 0.0,
    "protein_iptm": 0.0,
    "complex_plddt": 0.7562968730926514,
    "complex_iplddt": 0.7562969923019409,
    "complex_pde": 0.5681783556938171,
    "complex_ipde": 0.0,
    "chains_ptm": {
        "0": 0.5937214493751526
    },
    "pair_chains_iptm": {
        "0": {
            "0": 0.5937214493751526
        }
    }
}