{
    "confidence_score": 0.7299515604972839,
    "ptm": 0.6098411679267883,
    "iptm": 0.0,
    "ligand_iptm": 0.0,
    "protein_iptm": 0.0,
    "complex_plddt": 0.7599791884422302,
    "complex_iplddt": 0.759979248046875,
    "complex_pde": 0.5497389435768127,
    "complex_ipde": 0.0,
    "chains_ptm": {
        "0": 0.6098411679267883
    },
    "pair_chains_iptm": {
        "0": {
            "0": 0.6098411679267883
        }
    }
}