{
    "confidence_score": 0.7334325313568115,
    "ptm": 0.6261110901832581,
    "iptm": 0.0,
    "ligand_iptm": 0.0,
    "protein_iptm": 0.0,
    "complex_plddt": 0.7602629065513611,
    "complex_iplddt": 0.7602629661560059,
    "complex_pde": 0.5359111428260803,
    "complex_ipde": 0.0,
    "chains_ptm": {
        "0": 0.6261110901832581
    },
    "pair_chains_iptm": {
        "0": {
            "0": 0.6261110901832581
        }
    }
}