{
    "confidence_score": 0.7198083400726318,
    "ptm": 0.5938625931739807,
    "iptm": 0.0,
    "ligand_iptm": 0.0,
    "protein_iptm": 0.0,
    "complex_plddt": 0.7512947916984558,
    "complex_iplddt": 0.7512947916984558,
    "complex_pde": 0.5999310612678528,
    "complex_ipde": 0.0,
    "chains_ptm": {
        "0": 0.5938625931739807
    },
    "pair_chains_iptm": {
        "0": {
            "0": 0.5938625931739807
        }
    }
}