{
    "confidence_score": 0.7330011129379272,
    "ptm": 0.6214442849159241,
    "iptm": 0.0,
    "ligand_iptm": 0.0,
    "protein_iptm": 0.0,
    "complex_plddt": 0.7608903050422668,
    "complex_iplddt": 0.7608903646469116,
    "complex_pde": 0.5590178370475769,
    "complex_ipde": 0.0,
    "chains_ptm": {
        "0": 0.6214442849159241
    },
    "pair_chains_iptm": {
        "0": {
            "0": 0.6214442849159241
        }
    }
}