{
    "confidence_score": 0.734169602394104,
    "ptm": 0.6205545663833618,
    "iptm": 0.0,
    "ligand_iptm": 0.0,
    "protein_iptm": 0.0,
    "complex_plddt": 0.7625733613967896,
    "complex_iplddt": 0.7625733017921448,
    "complex_pde": 0.5452708601951599,
    "complex_ipde": 0.0,
    "chains_ptm": {
        "0": 0.6205545663833618
    },
    "pair_chains_iptm": {
        "0": {
            "0": 0.6205545663833618
        }
    }
}