{
    "confidence_score": 0.7386274337768555,
    "ptm": 0.6396816968917847,
    "iptm": 0.0,
    "ligand_iptm": 0.0,
    "protein_iptm": 0.0,
    "complex_plddt": 0.7633638381958008,
    "complex_iplddt": 0.7633638381958008,
    "complex_pde": 0.5325771570205688,
    "complex_ipde": 0.0,
    "chains_ptm": {
        "0": 0.6396816968917847
    },
    "pair_chains_iptm": {
        "0": {
            "0": 0.6396816968917847
        }
    }
}