{
    "confidence_score": 0.7379932403564453,
    "ptm": 0.6493197083473206,
    "iptm": 0.0,
    "ligand_iptm": 0.0,
    "protein_iptm": 0.0,
    "complex_plddt": 0.7601616382598877,
    "complex_iplddt": 0.7601615786552429,
    "complex_pde": 0.5260377526283264,
    "complex_ipde": 0.0,
    "chains_ptm": {
        "0": 0.6493197083473206
    },
    "pair_chains_iptm": {
        "0": {
            "0": 0.6493197083473206
        }
    }
}