{
    "confidence_score": 0.7379517555236816,
    "ptm": 0.6401528716087341,
    "iptm": 0.0,
    "ligand_iptm": 0.0,
    "protein_iptm": 0.0,
    "complex_plddt": 0.7624014616012573,
    "complex_iplddt": 0.7624015212059021,
    "complex_pde": 0.5288174152374268,
    "complex_ipde": 0.0,
    "chains_ptm": {
        "0": 0.6401528716087341
    },
    "pair_chains_iptm": {
        "0": {
            "0": 0.6401528716087341
        }
    }
}