{
    "confidence_score": 0.7335805296897888,
    "ptm": 0.6330763101577759,
    "iptm": 0.0,
    "ligand_iptm": 0.0,
    "protein_iptm": 0.0,
    "complex_plddt": 0.7587065100669861,
    "complex_iplddt": 0.7587065100669861,
    "complex_pde": 0.5290499925613403,
    "complex_ipde": 0.0,
    "chains_ptm": {
        "0": 0.6330763101577759
    },
    "pair_chains_iptm": {
        "0": {
            "0": 0.6330763101577759
        }
    }
}