{
    "confidence_score": 0.7274211049079895,
    "ptm": 0.5924710631370544,
    "iptm": 0.0,
    "ligand_iptm": 0.0,
    "protein_iptm": 0.0,
    "complex_plddt": 0.7611585855484009,
    "complex_iplddt": 0.7611585855484009,
    "complex_pde": 0.594020664691925,
    "complex_ipde": 0.0,
    "chains_ptm": {
        "0": 0.5924710631370544
    },
    "pair_chains_iptm": {
        "0": {
            "0": 0.5924710631370544
        }
    }
}