{
    "confidence_score": 0.7306446433067322,
    "ptm": 0.6140017509460449,
    "iptm": 0.0,
    "ligand_iptm": 0.0,
    "protein_iptm": 0.0,
    "complex_plddt": 0.7598053812980652,
    "complex_iplddt": 0.7598053216934204,
    "complex_pde": 0.5378077030181885,
    "complex_ipde": 0.0,
    "chains_ptm": {
        "0": 0.6140017509460449
    },
    "pair_chains_iptm": {
        "0": {
            "0": 0.6140017509460449
        }
    }
}