{
    "confidence_score": 0.7309061884880066,
    "ptm": 0.6237121820449829,
    "iptm": 0.0,
    "ligand_iptm": 0.0,
    "protein_iptm": 0.0,
    "complex_plddt": 0.7577047348022461,
    "complex_iplddt": 0.7577046751976013,
    "complex_pde": 0.5426129698753357,
    "complex_ipde": 0.0,
    "chains_ptm": {
        "0": 0.6237121820449829
    },
    "pair_chains_iptm": {
        "0": {
            "0": 0.6237121820449829
        }
    }
}