{
    "confidence_score": 0.6976119875907898,
    "ptm": 0.6235439777374268,
    "iptm": 0.0,
    "ligand_iptm": 0.0,
    "protein_iptm": 0.0,
    "complex_plddt": 0.7161290049552917,
    "complex_iplddt": 0.7161290049552917,
    "complex_pde": 0.4728897511959076,
    "complex_ipde": 0.0,
    "chains_ptm": {
        "0": 0.6235439777374268
    },
    "pair_chains_iptm": {
        "0": {
            "0": 0.6235439777374268
        }
    }
}