{
    "confidence_score": 0.6989432573318481,
    "ptm": 0.62555992603302,
    "iptm": 0.0,
    "ligand_iptm": 0.0,
    "protein_iptm": 0.0,
    "complex_plddt": 0.7172890305519104,
    "complex_iplddt": 0.7172890305519104,
    "complex_pde": 0.46420925855636597,
    "complex_ipde": 0.0,
    "chains_ptm": {
        "0": 0.62555992603302
    },
    "pair_chains_iptm": {
        "0": {
            "0": 0.62555992603302
        }
    }
}