{
    "confidence_score": 0.7048093676567078,
    "ptm": 0.6465185284614563,
    "iptm": 0.0,
    "ligand_iptm": 0.0,
    "protein_iptm": 0.0,
    "complex_plddt": 0.7193820476531982,
    "complex_iplddt": 0.7193820476531982,
    "complex_pde": 0.4565572440624237,
    "complex_ipde": 0.0,
    "chains_ptm": {
        "0": 0.6465185284614563
    },
    "pair_chains_iptm": {
        "0": {
            "0": 0.6465185284614563
        }
    }
}