{
    "confidence_score": 0.6990253329277039,
    "ptm": 0.6342019438743591,
    "iptm": 0.0,
    "ligand_iptm": 0.0,
    "protein_iptm": 0.0,
    "complex_plddt": 0.71523118019104,
    "complex_iplddt": 0.71523118019104,
    "complex_pde": 0.46025195717811584,
    "complex_ipde": 0.0,
    "chains_ptm": {
        "0": 0.6342019438743591
    },
    "pair_chains_iptm": {
        "0": {
            "0": 0.6342019438743591
        }
    }
}