{
    "confidence_score": 0.6908977031707764,
    "ptm": 0.6136564612388611,
    "iptm": 0.0,
    "ligand_iptm": 0.0,
    "protein_iptm": 0.0,
    "complex_plddt": 0.710207998752594,
    "complex_iplddt": 0.710207998752594,
    "complex_pde": 0.48321300745010376,
    "complex_ipde": 0.0,
    "chains_ptm": {
        "0": 0.6136564612388611
    },
    "pair_chains_iptm": {
        "0": {
            "0": 0.6136564612388611
        }
    }
}