{
    "confidence_score": 0.7064005732536316,
    "ptm": 0.6412867903709412,
    "iptm": 0.0,
    "ligand_iptm": 0.0,
    "protein_iptm": 0.0,
    "complex_plddt": 0.7226790189743042,
    "complex_iplddt": 0.722679078578949,
    "complex_pde": 0.4627496004104614,
    "complex_ipde": 0.0,
    "chains_ptm": {
        "0": 0.6412867903709412
    },
    "pair_chains_iptm": {
        "0": {
            "0": 0.6412867903709412
        }
    }
}