{
    "confidence_score": 0.6995755434036255,
    "ptm": 0.6279036998748779,
    "iptm": 0.0,
    "ligand_iptm": 0.0,
    "protein_iptm": 0.0,
    "complex_plddt": 0.71749347448349,
    "complex_iplddt": 0.71749347448349,
    "complex_pde": 0.46222490072250366,
    "complex_ipde": 0.0,
    "chains_ptm": {
        "0": 0.6279036998748779
    },
    "pair_chains_iptm": {
        "0": {
            "0": 0.6279036998748779
        }
    }
}