{
    "confidence_score": 0.6935707926750183,
    "ptm": 0.6259740591049194,
    "iptm": 0.0,
    "ligand_iptm": 0.0,
    "protein_iptm": 0.0,
    "complex_plddt": 0.7104700207710266,
    "complex_iplddt": 0.7104700207710266,
    "complex_pde": 0.4694657623767853,
    "complex_ipde": 0.0,
    "chains_ptm": {
        "0": 0.6259740591049194
    },
    "pair_chains_iptm": {
        "0": {
            "0": 0.6259740591049194
        }
    }
}