{
    "confidence_score": 0.6916894912719727,
    "ptm": 0.623710036277771,
    "iptm": 0.0,
    "ligand_iptm": 0.0,
    "protein_iptm": 0.0,
    "complex_plddt": 0.7086843848228455,
    "complex_iplddt": 0.7086843848228455,
    "complex_pde": 0.47012102603912354,
    "complex_ipde": 0.0,
    "chains_ptm": {
        "0": 0.623710036277771
    },
    "pair_chains_iptm": {
        "0": {
            "0": 0.623710036277771
        }
    }
}