{
    "confidence_score": 0.6965178847312927,
    "ptm": 0.6188271045684814,
    "iptm": 0.0,
    "ligand_iptm": 0.0,
    "protein_iptm": 0.0,
    "complex_plddt": 0.7159405946731567,
    "complex_iplddt": 0.7159404754638672,
    "complex_pde": 0.47189420461654663,
    "complex_ipde": 0.0,
    "chains_ptm": {
        "0": 0.6188271045684814
    },
    "pair_chains_iptm": {
        "0": {
            "0": 0.6188271045684814
        }
    }
}