{
    "confidence_score": 0.6944577097892761,
    "ptm": 0.6266597509384155,
    "iptm": 0.0,
    "ligand_iptm": 0.0,
    "protein_iptm": 0.0,
    "complex_plddt": 0.7114071846008301,
    "complex_iplddt": 0.7114071846008301,
    "complex_pde": 0.46465155482292175,
    "complex_ipde": 0.0,
    "chains_ptm": {
        "0": 0.6266597509384155
    },
    "pair_chains_iptm": {
        "0": {
            "0": 0.6266597509384155
        }
    }
}