{
    "confidence_score": 0.7018952369689941,
    "ptm": 0.6375550031661987,
    "iptm": 0.0,
    "ligand_iptm": 0.0,
    "protein_iptm": 0.0,
    "complex_plddt": 0.7179802656173706,
    "complex_iplddt": 0.7179802060127258,
    "complex_pde": 0.456789493560791,
    "complex_ipde": 0.0,
    "chains_ptm": {
        "0": 0.6375550031661987
    },
    "pair_chains_iptm": {
        "0": {
            "0": 0.6375550031661987
        }
    }
}