{
    "confidence_score": 0.7004026770591736,
    "ptm": 0.625121533870697,
    "iptm": 0.0,
    "ligand_iptm": 0.0,
    "protein_iptm": 0.0,
    "complex_plddt": 0.7192229628562927,
    "complex_iplddt": 0.7192230224609375,
    "complex_pde": 0.47273126244544983,
    "complex_ipde": 0.0,
    "chains_ptm": {
        "0": 0.625121533870697
    },
    "pair_chains_iptm": {
        "0": {
            "0": 0.625121533870697
        }
    }
}