{
    "confidence_score": 0.6878326535224915,
    "ptm": 0.6150661706924438,
    "iptm": 0.0,
    "ligand_iptm": 0.0,
    "protein_iptm": 0.0,
    "complex_plddt": 0.7060242891311646,
    "complex_iplddt": 0.7060242295265198,
    "complex_pde": 0.47427162528038025,
    "complex_ipde": 0.0,
    "chains_ptm": {
        "0": 0.6150661706924438
    },
    "pair_chains_iptm": {
        "0": {
            "0": 0.6150661706924438
        }
    }
}