seed,sample,ranking_score
1,0,0.39131101454270745
1,1,0.454775765959361
1,2,0.3588714652803334
1,3,0.3399247632963922
1,4,0.3376988545642369
