seed,sample,ranking_score
1,0,0.5781498342779574
1,1,0.5867545942479545
1,2,0.5334458228408412
1,3,0.5899847952714626
1,4,0.5970350444315365
