seed,sample,ranking_score
1,0,0.5471421989773069
1,1,0.5560406792826764
1,2,0.5143718696970354
1,3,0.5080645118650381
1,4,0.5590678168282679
