seed,sample,ranking_score
1,0,0.6023973556847494
1,1,0.5938478620518983
1,2,0.6046880689748048
1,3,0.5882951595727772
1,4,0.5948710184132037
