{
    "confidence_score": 0.6640776991844177,
    "ptm": 0.6294366717338562,
    "iptm": 0.0,
    "ligand_iptm": 0.0,
    "protein_iptm": 0.0,
    "complex_plddt": 0.6727379560470581,
    "complex_iplddt": 0.6727379560470581,
    "complex_pde": 0.6122983694076538,
    "complex_ipde": 0.0,
    "chains_ptm": {
        "0": 0.6294366717338562
    },
    "pair_chains_iptm": {
        "0": {
            "0": 0.6294366717338562
        }
    }
}