{
    "confidence_score": 0.6922144889831543,
    "ptm": 0.7065733671188354,
    "iptm": 0.0,
    "ligand_iptm": 0.0,
    "protein_iptm": 0.0,
    "complex_plddt": 0.6886247396469116,
    "complex_iplddt": 0.6886247396469116,
    "complex_pde": 0.5392780303955078,
    "complex_ipde": 0.0,
    "chains_ptm": {
        "0": 0.7065733671188354
    },
    "pair_chains_iptm": {
        "0": {
            "0": 0.7065733671188354
        }
    }
}