{
    "confidence_score": 0.6863265633583069,
    "ptm": 0.6836919188499451,
    "iptm": 0.0,
    "ligand_iptm": 0.0,
    "protein_iptm": 0.0,
    "complex_plddt": 0.686985194683075,
    "complex_iplddt": 0.686985194683075,
    "complex_pde": 0.5611954927444458,
    "complex_ipde": 0.0,
    "chains_ptm": {
        "0": 0.6836919188499451
    },
    "pair_chains_iptm": {
        "0": {
            "0": 0.6836919188499451
        }
    }
}