{
    "confidence_score": 0.6966508030891418,
    "ptm": 0.7129753828048706,
    "iptm": 0.0,
    "ligand_iptm": 0.0,
    "protein_iptm": 0.0,
    "complex_plddt": 0.6925696134567261,
    "complex_iplddt": 0.6925696134567261,
    "complex_pde": 0.5289891362190247,
    "complex_ipde": 0.0,
    "chains_ptm": {
        "0": 0.7129753828048706
    },
    "pair_chains_iptm": {
        "0": {
            "0": 0.7129753828048706
        }
    }
}