{
    "confidence_score": 0.689807116985321,
    "ptm": 0.7003584504127502,
    "iptm": 0.0,
    "ligand_iptm": 0.0,
    "protein_iptm": 0.0,
    "complex_plddt": 0.6871693134307861,
    "complex_iplddt": 0.6871693730354309,
    "complex_pde": 0.535706639289856,
    "complex_ipde": 0.0,
    "chains_ptm": {
        "0": 0.7003584504127502
    },
    "pair_chains_iptm": {
        "0": {
            "0": 0.7003584504127502
        }
    }
}