{
    "confidence_score": 0.684244692325592,
    "ptm": 0.6699573993682861,
    "iptm": 0.0,
    "ligand_iptm": 0.0,
    "protein_iptm": 0.0,
    "complex_plddt": 0.6878165006637573,
    "complex_iplddt": 0.6878165602684021,
    "complex_pde": 0.5576451420783997,
    "complex_ipde": 0.0,
    "chains_ptm": {
        "0": 0.6699573993682861
    },
    "pair_chains_iptm": {
        "0": {
            "0": 0.6699573993682861
        }
    }
}