{
    "confidence_score": 0.6905421614646912,
    "ptm": 0.6876905560493469,
    "iptm": 0.0,
    "ligand_iptm": 0.0,
    "protein_iptm": 0.0,
    "complex_plddt": 0.6912550926208496,
    "complex_iplddt": 0.6912551522254944,
    "complex_pde": 0.5456836223602295,
    "complex_ipde": 0.0,
    "chains_ptm": {
        "0": 0.6876905560493469
    },
    "pair_chains_iptm": {
        "0": {
            "0": 0.6876905560493469
        }
    }
}