{
    "confidence_score": 0.6957935094833374,
    "ptm": 0.7302057147026062,
    "iptm": 0.0,
    "ligand_iptm": 0.0,
    "protein_iptm": 0.0,
    "complex_plddt": 0.6871904134750366,
    "complex_iplddt": 0.6871904134750366,
    "complex_pde": 0.5086010098457336,
    "complex_ipde": 0.0,
    "chains_ptm": {
        "0": 0.7302057147026062
    },
    "pair_chains_iptm": {
        "0": {
            "0": 0.7302057147026062
        }
    }
}