{
    "confidence_score": 0.6925568580627441,
    "ptm": 0.7112757563591003,
    "iptm": 0.0,
    "ligand_iptm": 0.0,
    "protein_iptm": 0.0,
    "complex_plddt": 0.6878771185874939,
    "complex_iplddt": 0.6878771185874939,
    "complex_pde": 0.5344070792198181,
    "complex_ipde": 0.0,
    "chains_ptm": {
        "0": 0.7112757563591003
    },
    "pair_chains_iptm": {
        "0": {
            "0": 0.7112757563591003
        }
    }
}