{
    "confidence_score": 0.6798807978630066,
    "ptm": 0.6711239814758301,
    "iptm": 0.0,
    "ligand_iptm": 0.0,
    "protein_iptm": 0.0,
    "complex_plddt": 0.6820699572563171,
    "complex_iplddt": 0.6820700168609619,
    "complex_pde": 0.5723841786384583,
    "complex_ipde": 0.0,
    "chains_ptm": {
        "0": 0.6711239814758301
    },
    "pair_chains_iptm": {
        "0": {
            "0": 0.6711239814758301
        }
    }
}