{
    "confidence_score": 0.6926388144493103,
    "ptm": 0.7021433115005493,
    "iptm": 0.0,
    "ligand_iptm": 0.0,
    "protein_iptm": 0.0,
    "complex_plddt": 0.6902626752853394,
    "complex_iplddt": 0.6902625560760498,
    "complex_pde": 0.53999263048172,
    "complex_ipde": 0.0,
    "chains_ptm": {
        "0": 0.7021433115005493
    },
    "pair_chains_iptm": {
        "0": {
            "0": 0.7021433115005493
        }
    }
}