{
    "confidence_score": 0.6885485649108887,
    "ptm": 0.6798452138900757,
    "iptm": 0.0,
    "ligand_iptm": 0.0,
    "protein_iptm": 0.0,
    "complex_plddt": 0.6907243728637695,
    "complex_iplddt": 0.6907243132591248,
    "complex_pde": 0.5486904978752136,
    "complex_ipde": 0.0,
    "chains_ptm": {
        "0": 0.6798452138900757
    },
    "pair_chains_iptm": {
        "0": {
            "0": 0.6798452138900757
        }
    }
}