{
    "confidence_score": 0.6898992657661438,
    "ptm": 0.687558650970459,
    "iptm": 0.0,
    "ligand_iptm": 0.0,
    "protein_iptm": 0.0,
    "complex_plddt": 0.6904844045639038,
    "complex_iplddt": 0.6904844045639038,
    "complex_pde": 0.5517316460609436,
    "complex_ipde": 0.0,
    "chains_ptm": {
        "0": 0.687558650970459
    },
    "pair_chains_iptm": {
        "0": {
            "0": 0.687558650970459
        }
    }
}