{
    "confidence_score": 0.6896977424621582,
    "ptm": 0.6818508505821228,
    "iptm": 0.0,
    "ligand_iptm": 0.0,
    "protein_iptm": 0.0,
    "complex_plddt": 0.6916594505310059,
    "complex_iplddt": 0.6916594505310059,
    "complex_pde": 0.5480182766914368,
    "complex_ipde": 0.0,
    "chains_ptm": {
        "0": 0.6818508505821228
    },
    "pair_chains_iptm": {
        "0": {
            "0": 0.6818508505821228
        }
    }
}