{
    "confidence_score": 0.6912848353385925,
    "ptm": 0.6897053718566895,
    "iptm": 0.0,
    "ligand_iptm": 0.0,
    "protein_iptm": 0.0,
    "complex_plddt": 0.6916796565055847,
    "complex_iplddt": 0.6916795969009399,
    "complex_pde": 0.5548591017723083,
    "complex_ipde": 0.0,
    "chains_ptm": {
        "0": 0.6897053718566895
    },
    "pair_chains_iptm": {
        "0": {
            "0": 0.6897053718566895
        }
    }
}