{
    "confidence_score": 0.6908292770385742,
    "ptm": 0.7039216160774231,
    "iptm": 0.0,
    "ligand_iptm": 0.0,
    "protein_iptm": 0.0,
    "complex_plddt": 0.6875562071800232,
    "complex_iplddt": 0.6875561475753784,
    "complex_pde": 0.5235752463340759,
    "complex_ipde": 0.0,
    "chains_ptm": {
        "0": 0.7039216160774231
    },
    "pair_chains_iptm": {
        "0": {
            "0": 0.7039216160774231
        }
    }
}