{
    "confidence_score": 0.5291067361831665,
    "ptm": 0.6131500005722046,
    "iptm": 0.0,
    "ligand_iptm": 0.0,
    "protein_iptm": 0.0,
    "complex_plddt": 0.5080958604812622,
    "complex_iplddt": 0.5080958604812622,
    "complex_pde": 0.5256586670875549,
    "complex_ipde": 0.0,
    "chains_ptm": {
        "0": 0.6131500005722046
    },
    "pair_chains_iptm": {
        "0": {
            "0": 0.6131500005722046
        }
    }
}