{
    "confidence_score": 0.5257503390312195,
    "ptm": 0.6246036887168884,
    "iptm": 0.0,
    "ligand_iptm": 0.0,
    "protein_iptm": 0.0,
    "complex_plddt": 0.5010370016098022,
    "complex_iplddt": 0.5010369420051575,
    "complex_pde": 0.5424503684043884,
    "complex_ipde": 0.0,
    "chains_ptm": {
        "0": 0.6246036887168884
    },
    "pair_chains_iptm": {
        "0": {
            "0": 0.6246036887168884
        }
    }
}