{
    "confidence_score": 0.5233619213104248,
    "ptm": 0.6128819584846497,
    "iptm": 0.0,
    "ligand_iptm": 0.0,
    "protein_iptm": 0.0,
    "complex_plddt": 0.5009819269180298,
    "complex_iplddt": 0.5009819269180298,
    "complex_pde": 0.5453489422798157,
    "complex_ipde": 0.0,
    "chains_ptm": {
        "0": 0.6128819584846497
    },
    "pair_chains_iptm": {
        "0": {
            "0": 0.6128819584846497
        }
    }
}