{
    "confidence_score": 0.5214228630065918,
    "ptm": 0.6125731468200684,
    "iptm": 0.0,
    "ligand_iptm": 0.0,
    "protein_iptm": 0.0,
    "complex_plddt": 0.49863532185554504,
    "complex_iplddt": 0.49863535165786743,
    "complex_pde": 0.5540831685066223,
    "complex_ipde": 0.0,
    "chains_ptm": {
        "0": 0.6125731468200684
    },
    "pair_chains_iptm": {
        "0": {
            "0": 0.6125731468200684
        }
    }
}