{
    "confidence_score": 0.5328377485275269,
    "ptm": 0.6005203127861023,
    "iptm": 0.0,
    "ligand_iptm": 0.0,
    "protein_iptm": 0.0,
    "complex_plddt": 0.5159170627593994,
    "complex_iplddt": 0.5159171223640442,
    "complex_pde": 0.5415080785751343,
    "complex_ipde": 0.0,
    "chains_ptm": {
        "0": 0.6005203127861023
    },
    "pair_chains_iptm": {
        "0": {
            "0": 0.6005203127861023
        }
    }
}