{
    "confidence_score": 0.5237946510314941,
    "ptm": 0.6112046241760254,
    "iptm": 0.0,
    "ligand_iptm": 0.0,
    "protein_iptm": 0.0,
    "complex_plddt": 0.5019421577453613,
    "complex_iplddt": 0.5019421577453613,
    "complex_pde": 0.5710712671279907,
    "complex_ipde": 0.0,
    "chains_ptm": {
        "0": 0.6112046241760254
    },
    "pair_chains_iptm": {
        "0": {
            "0": 0.6112046241760254
        }
    }
}