{
    "confidence_score": 0.5323922038078308,
    "ptm": 0.6359973549842834,
    "iptm": 0.0,
    "ligand_iptm": 0.0,
    "protein_iptm": 0.0,
    "complex_plddt": 0.50649094581604,
    "complex_iplddt": 0.5064910054206848,
    "complex_pde": 0.5254418253898621,
    "complex_ipde": 0.0,
    "chains_ptm": {
        "0": 0.6359973549842834
    },
    "pair_chains_iptm": {
        "0": {
            "0": 0.6359973549842834
        }
    }
}