{
    "confidence_score": 0.5302971005439758,
    "ptm": 0.6450315117835999,
    "iptm": 0.0,
    "ligand_iptm": 0.0,
    "protein_iptm": 0.0,
    "complex_plddt": 0.5016134977340698,
    "complex_iplddt": 0.5016135573387146,
    "complex_pde": 0.5026324391365051,
    "complex_ipde": 0.0,
    "chains_ptm": {
        "0": 0.6450315117835999
    },
    "pair_chains_iptm": {
        "0": {
            "0": 0.6450315117835999
        }
    }
}