{
    "confidence_score": 0.5365368723869324,
    "ptm": 0.6136454343795776,
    "iptm": 0.0,
    "ligand_iptm": 0.0,
    "protein_iptm": 0.0,
    "complex_plddt": 0.5172597169876099,
    "complex_iplddt": 0.5172597169876099,
    "complex_pde": 0.5429315567016602,
    "complex_ipde": 0.0,
    "chains_ptm": {
        "0": 0.6136454343795776
    },
    "pair_chains_iptm": {
        "0": {
            "0": 0.6136454343795776
        }
    }
}