{
    "confidence_score": 0.500024676322937,
    "ptm": 0.549815833568573,
    "iptm": 0.0,
    "ligand_iptm": 0.0,
    "protein_iptm": 0.0,
    "complex_plddt": 0.48757684230804443,
    "complex_iplddt": 0.48757681250572205,
    "complex_pde": 0.6180294752120972,
    "complex_ipde": 0.0,
    "chains_ptm": {
        "0": 0.549815833568573
    },
    "pair_chains_iptm": {
        "0": {
            "0": 0.549815833568573
        }
    }
}