{
    "confidence_score": 0.5279926061630249,
    "ptm": 0.6475802063941956,
    "iptm": 0.0,
    "ligand_iptm": 0.0,
    "protein_iptm": 0.0,
    "complex_plddt": 0.49809569120407104,
    "complex_iplddt": 0.49809569120407104,
    "complex_pde": 0.5237202048301697,
    "complex_ipde": 0.0,
    "chains_ptm": {
        "0": 0.6475802063941956
    },
    "pair_chains_iptm": {
        "0": {
            "0": 0.6475802063941956
        }
    }
}