{
    "confidence_score": 0.5322425365447998,
    "ptm": 0.6029464602470398,
    "iptm": 0.0,
    "ligand_iptm": 0.0,
    "protein_iptm": 0.0,
    "complex_plddt": 0.5145665407180786,
    "complex_iplddt": 0.5145665407180786,
    "complex_pde": 0.5581751465797424,
    "complex_ipde": 0.0,
    "chains_ptm": {
        "0": 0.6029464602470398
    },
    "pair_chains_iptm": {
        "0": {
            "0": 0.6029464602470398
        }
    }
}