{
    "confidence_score": 0.522059440612793,
    "ptm": 0.6271758079528809,
    "iptm": 0.0,
    "ligand_iptm": 0.0,
    "protein_iptm": 0.0,
    "complex_plddt": 0.4957803189754486,
    "complex_iplddt": 0.4957803189754486,
    "complex_pde": 0.5381620526313782,
    "complex_ipde": 0.0,
    "chains_ptm": {
        "0": 0.6271758079528809
    },
    "pair_chains_iptm": {
        "0": {
            "0": 0.6271758079528809
        }
    }
}